dose_0,dose_1,dose_2,dose_3,dose_4,dose_5,dose_6,dose_7,dose_8,dose_9,dose_10,dose_11,dose_12,dose_13,dose_14,dose_15,dose_16,dose_17,dose_18,dose_19,dose_20,dose_21,dose_22,dose_23,dose_24,dose_25,dose_26,dose_27,dose_28,dose_29,dose_30,dose_31,dose_32
29.305969881809627,28.456789662590445,27.6745578471166,27.90860859982988,29.15344928494121,29.093251205627745,29.13549320694872,31.92133480487953,30.63354159609314,30.97490431289163,31.48783885664852,31.71122750005017,32.60471854197248,32.38091463024489,32.34933685836747,34.859717015419456,36.283213096024944,37.14350143377624,39.01098162362944,38.39533831164644,42.22927939172578,41.34263006531707,45.84233991748732,47.035696532515885,48.66964352639181,52.082293711049694,54.98300625425028,60.14372658152211,69.33934962545138,76.13552191876997,98.10804994598092,100.0,100.0
28.89619327511448,28.272053966700305,27.94359118375924,28.21916440616373,28.94520280882184,29.1524147456923,29.066100764887786,32.00463756749806,30.70703948454421,30.635268593614672,31.175559972399714,31.892699707310832,32.78669850430915,32.713317198530625,32.929792045628645,35.484958653619685,36.334739424402926,37.90680083544494,39.92825878910941,39.5064921553199,42.59974515087943,41.93640689626169,46.05779458170895,48.604502220670646,49.62468419500664,52.28226063068742,56.471764782220085,62.16262262600814,70.43376226651814,78.37103126559535,99.44705231820352,81.30161114393798,58.7603227301248
29.192864880930905,27.98368270302325,27.654607533036472,28.456324703105608,29.38081798325491,29.01529803839009,29.05862473527808,31.88057206831953,30.90490907655748,30.784909397697,31.413662635003213,31.648526096506146,33.291416479026886,32.75490280634508,33.35994937496865,36.14147674107621,36.76687161577173,37.63981882228348,39.73406609142605,38.81997448298708,41.89989936259108,42.470155652114336,46.94290932010684,47.6508184568017,48.8657706012468,52.84920091485411,57.49735511785839,63.99995840139548,73.36104751607219,83.05743154703522,100.0,65.55222162085198,52.21931920448807
28.98651821504045,28.23330758502865,27.76243455340124,28.502982893685992,29.51050702870864,28.47273450800308,29.31057813561117,32.4344054847231,31.19951796349848,30.654257822783933,31.2184753527168,31.547794704149755,33.221951395325306,32.867107645993656,33.313976864222234,35.85731397744887,36.99408248101302,38.81150255249239,40.34697275210575,39.11203444966497,42.61206129915649,42.85189409987554,46.71891170508271,49.20194166343839,50.2916188761332,53.63858089948042,59.15323227312193,63.71996500194123,75.64087859951549,88.89981094315272,94.87448979130556,47.29708807370858,23.42232933954318
28.96556305262131,27.9675147317372,28.039913799454823,28.64804229027305,29.12819401295449,28.879830664988447,28.88519591502758,32.237011284319735,30.906008349597894,30.870160789994127,31.53854810374711,32.2578773160105,33.69566448341833,33.47171239127611,33.4865827039023,36.695395510613416,37.32951151705638,38.82911644083772,40.82961116837055,39.1028098148234,42.68147979732084,43.23037999155444,47.00534970327988,50.01285619640682,50.33127503431645,54.4795974246001,58.95644411804145,64.59053597001112,74.94367725246691,92.25239272899084,86.74493673898439,35.84473512276094,8.780086831096915
28.94673046452364,28.061704070526,28.00518356495207,28.682591700115065,29.54258099981271,28.91223572527536,29.453120050357235,32.10598750606351,31.524879462208737,31.127478626984097,31.66863383518522,31.722130337780968,33.964698481276656,33.66301371160514,33.16430593607598,37.06645422162075,37.89058086288873,39.06524799053942,41.18756171855381,39.60078870696855,42.837106181681776,43.98675664116679,47.58199705782824,51.00811012057144,51.00718113121509,55.08111585374163,59.70024246414918,66.28684435371666,79.05488452603747,96.82795602944742,73.17604675517117,18.58644087516046,1.5607606429512388
29.13694376852908,28.299294354241564,28.442207567515148,28.78178222546578,29.499926077067336,29.214869997921447,29.538010493484748,32.31887311111441,31.353968730992733,30.91657265478356,31.953135162587927,32.28907014385186,34.38160515089861,33.83681097495765,33.62444912272452,36.97029598822842,38.01191517141406,39.21574969049882,41.557709605347135,39.40892716131085,43.191076855265145,44.85323274203769,49.15887631592091,51.0066267274278,51.39410347351002,55.972713269899735,60.8767787947328,66.47205227006228,83.92874734111528,100.0,54.09494460027707,11.539497678508278,1.723919921627963
28.82540173473025,28.098073544066988,27.993143096658283,28.82005963245661,29.75781829621127,29.154858927566245,29.69254578360463,32.200842348433056,31.385521308016507,30.99784208586725,32.06591896571771,32.58542271394691,34.12223927534372,33.69333032048113,33.82574461670285,37.11402002519382,38.1975948773482,39.42764179040399,41.9811921510798,40.2110587297298,43.99783293555752,45.89700276071212,48.83053364089204,50.50091124215493,51.98451157696133,55.97971423599672,61.17924199494607,67.81198685199145,89.4057961995692,99.1081605738628,39.88082277457284,8.294932408329247,0.0
28.95638990968968,27.89752980825091,27.68160974913012,28.75469797954468,29.770196321051568,29.145696105842084,29.7494696209374,32.764858992734666,31.42342868113987,31.23200290480093,32.45063965190372,32.149601696482954,34.28138356997751,33.662258336329806,33.418013515032854,36.995999236537,38.77191411399359,40.370230218369926,42.778652050761785,41.08490730084965,44.30593799338537,45.769499901109626,48.40887065722789,51.36719544357043,52.80091903677588,56.5743240678362,62.10520482086032,70.48761419416032,92.92768760308444,92.91839266530778,29.11069734454736,3.674652417934608,0.0
28.929257793182472,28.018541846418763,28.2035190377926,28.32162680933443,29.766843300327142,29.535770688985664,30.33317860145675,32.93750198722,31.463099520315605,31.303756878553763,32.16697533510094,32.13183376170485,34.665700680402615,34.25935360665569,33.706952578114745,37.51778453985496,38.04442572791016,40.33664741489611,42.93509390630708,41.09066360063549,44.46341560539859,45.8768019964951,49.06897195462578,50.77682951995044,53.07412445680982,57.86236187609613,62.27666763034927,72.43891171722946,97.47124277101918,82.92737724429296,20.274543002548363,1.9652612270287688,0.0
28.897638730954995,28.280236736103564,28.419928822710887,28.8495778672838,30.03250158508635,29.681660099886816,30.483498280258907,33.27838453169221,31.75164359034062,31.54509766896749,32.04998811714814,32.38247891653,34.95545910622433,34.6347715495941,34.177140869034744,37.91088715288454,39.09931473417486,40.825207094333074,43.24870815725879,40.89668874097049,44.7106357295711,45.94661582628032,48.41244625255308,51.882507382829,54.848840209304726,59.38428551413418,65.06475337694009,75.89860355995235,98.28864240148076,65.5714522163065,12.030238998884451,0.3621869825071158,0.0
29.073582288469257,28.463350912023124,28.355454650672524,28.16329632583397,29.93408983714756,30.02657276792189,30.89082930428403,33.146699409118305,31.883155089749355,31.690377668251493,32.13995962657783,32.03521875279777,34.382278718098085,34.32322579244907,34.007040062122975,37.61373447308771,39.05194243065343,41.118136973839775,43.05065507942441,41.19678621702381,45.09486762022356,46.379829194076976,49.6702502476685,52.91492575813612,55.30756850522507,60.44320893530062,65.53176947334433,79.8009587734289,100.0,47.63380961520394,6.53175267495666,0.0,0.0
29.077490086312448,28.41377631390429,28.214223935551544,28.274979653996667,30.059906327706504,30.16453223312245,30.62684515834557,33.48541947507129,32.122189867560444,31.686177966147326,32.11405298054554,32.79739264368434,34.395424182675754,34.70815338653245,34.165064191709185,37.24509652010118,39.23997561622398,41.898002111199,43.76331071410793,41.51268453166354,45.87137078855063,46.58782856299252,50.01045772640047,52.25408155003667,55.28072082363761,61.29740469092981,66.84061888444133,83.43464502972196,95.81073755997912,35.71609222472733,3.030033053706541,0.0,0.0
28.78287816046432,28.37096062184314,28.638620767987327,28.158608005471606,30.167303182468213,29.58992223840338,30.68929018910914,33.52230434106365,31.989502588360946,32.10378007855151,32.76143900308038,32.69549484649763,34.40834658829848,34.67083410809821,34.60868830625116,37.7339605314569,39.51783489481368,42.12336833623735,43.81634984581471,41.465003770883726,45.65053569751576,47.2820516334827,50.38990666995453,53.49332679380629,56.040488848001466,62.7172807691332,70.88357942889859,90.02992712798827,85.20927127792663,27.02085165059812,1.4340720557066111,0.0,0.0
29.22837511425393,28.661054422568707,28.73946075559816,28.418552323421256,30.067834435830573,29.91435655048529,31.15702185521804,33.6821641868468,32.38673804550785,32.0359264181207,32.65691892682524,33.10750170327438,34.47639391783339,35.14792241577624,34.44295671493638,38.049797298148974,39.88413800782845,42.83412442599511,44.296949338419104,41.41947505363605,45.5872532960702,47.49380959140285,51.9330563371434,53.730524236119344,56.512510330294354,65.22517090295874,74.24958897451464,95.6128228327718,72.75268471347273,19.38198245058991,0.4373762562011161,0.0,0.0
29.06219148940807,28.704175238397525,29.000940012400168,28.72545512819108,30.31212470797828,29.722090185793583,30.72983231001032,33.39155737473888,32.243926607196514,32.16965297760465,32.936056489366344,33.38117323096919,34.814691060734816,34.68064680641541,35.01494352272751,38.6679905807901,41.12136832116663,43.14559400064152,44.35113951455078,41.83856487562906,45.73748502898325,47.89554914385655,51.0525146390934,53.22099830228805,57.36313548310868,67.37179490533269,78.84179146661985,100.0,59.50865286720746,10.4287711521625,0.2405429445458655,0.0,0.0
29.00673213793177,28.61769761638521,29.03378730795433,28.51512528461166,30.607635213345176,29.937817023118185,30.69769768278309,33.8239131510489,31.94402594799592,32.0981669478268,33.38454675972473,33.888609427443384,35.40351923597054,34.9507540452807,35.065602918629246,39.42589839318899,41.048541953131966,43.52184894494507,43.60344578329549,42.2712671310829,46.202052183206725,47.84668864458183,51.66859370481826,53.57040144254959,58.31918543247183,67.9037595062261,84.48317291328848,95.93188908176695,46.35398386243766,4.3045195796446265,0.1682802081987034,0.0,0.0
29.126504420808,29.47955551172625,29.32166578347329,28.827105093326704,30.76115940047393,30.38521947471597,30.655956621608063,33.56659063688036,32.40357338533798,32.18712942016988,33.46270967291478,33.863204083582275,35.329881062710534,35.21597306352977,35.03464665474766,40.24177076419559,41.67693840633681,42.94765656037525,44.01237898074619,43.01279221474874,46.41142008598259,48.51539295722828,52.53814862670292,53.84428844033632,58.994768310514594,69.66171074881876,90.329981695173,94.78941565909078,34.02828850667314,3.3342401402070467,0.0,0.0,0.0
29.36742120965571,29.727968024658235,29.241977762723245,28.85351811120469,30.76443426582665,30.74576465112817,30.797113848927,33.59705329964754,32.36707335060491,32.64624137307199,33.280385301619425,33.84431891987717,35.27021044361081,35.36038973731572,35.454534275800924,40.64598158486158,42.30659195177913,43.50882970479456,44.919574197259685,43.24999169241506,47.28740368103487,49.09910501912263,53.30527851204352,55.44201740621429,61.057566671426976,72.06558045893367,92.9695289699862,81.06707923135893,22.9444346912805,1.2010520961561415,0.0,0.0,0.0
29.675934646642,29.142238602616057,29.16727597420689,28.776347171826327,30.739478103650985,30.851687812370493,31.197387508207687,33.7882734489496,32.35824795715627,32.97750458208442,33.70050468974892,34.24028070009684,35.4527874886255,35.60800916823101,36.63719724536436,40.63435756407061,43.07150101134961,43.98853259578451,45.55051461780484,43.70038074255517,48.589310465738926,48.93879556725198,54.095755018100846,57.00173405572031,63.07994433134083,75.73311312612987,94.36511506442648,64.68388534690948,15.492049579651477,0.3432478395460759,0.0,0.0,0.0
30.17656109674086,29.54611378500563,29.576667664493364,29.144321998354545,30.7972070577193,30.66344755999213,31.353938711590686,34.04811030535397,32.85988187707034,32.770763049076,34.24319477671634,34.358978616478694,34.80529451891322,35.5057164402386,36.57439320548348,41.22080035548776,42.93430640804512,43.96915186272509,45.56441718379149,43.68217929561874,48.212276793955866,49.72872742644466,55.07157007285189,57.88596493013442,64.6018934961939,81.89856001186197,100.0,53.21955339443636,8.17066998895399,0.0,0.0,0.0,0.0
30.53879272288765,29.5208417367746,29.09601204136984,29.15447320994009,30.68947052030795,30.56030902757218,31.589911946957105,33.56976142945724,32.99461227039936,33.22372401577225,34.40931878923632,35.056315536255624,34.776296509484446,35.73795633401212,37.1273648636412,42.169178696476166,43.382882576121226,44.37596313307426,45.58070028762591,43.709603802316025,48.83161212444455,50.70693553014104,54.66573484756552,58.03788933862112,66.76214630572683,87.35284404692321,99.53652102091984,38.66194944811164,5.176920479958175,0.0,0.0,0.0,0.0
30.00538155716677,29.792775357556668,29.430440188245303,29.159317788329343,30.679756884538847,30.93455003411381,31.79945344887756,33.69017670707869,33.001034373947434,33.22656217445713,34.685256239890286,34.69552500027564,35.235066924258945,35.271615002660226,37.689985386068834,42.90615103047458,43.47058464277599,44.32863849109606,46.41207231067116,43.799221861988855,49.18586681592701,50.40841733091715,55.04298194468763,58.44126641777721,69.90204102076625,92.08611475819924,88.51408465379085,24.029142036353,2.3555425849834943,0.0,0.0,0.0,0.0
29.753073980498325,29.88714412894872,29.60344290444795,29.46537291451056,31.117695738452458,31.28962498111682,31.60317297121165,34.00046639046688,32.99012168738024,33.51136489878701,35.41555708044242,34.965073464573706,35.51296694427759,35.59054793137203,37.906184723438535,42.76062525789411,44.04184890224677,44.52611631259652,46.173094550139446,43.48489812983604,50.422867788163856,51.38633920284399,55.91339076950405,60.34856414285644,74.57967388899148,94.95830165563336,73.95409549258838,13.427024558400875,0.485644589346548,0.0,0.0,0.0,0.0
29.582960350031293,29.769167383316542,29.367048994800623,28.8922418423412,30.92300644592771,31.96668129628433,31.78169439015862,34.41892908393628,33.194432972034505,33.73509428690037,34.69579929722204,35.15319162509695,35.219548677375535,35.66807678260417,38.35457749177418,43.08914470563517,43.25336214606558,45.416483149811306,47.58658382054819,44.43260767271524,50.23580878399485,52.44688609027861,57.01391753748951,60.64912573598846,79.12169651328561,100.0,58.833637228426674,7.649043991735334,0.2311130363090621,0.0,0.0,0.0,0.0
29.54773862752608,29.882082082809987,29.59727730146227,29.281238878918504,30.858276559549235,31.389923852461216,32.00584071321813,34.36222159618738,33.35665336099965,33.58685936670611,34.3056971954363,34.708409126045105,35.76699414513977,36.20520293682984,39.03307383113834,44.37475131945819,44.2477834663492,45.31823219052785,47.43566486765559,44.42381347127956,50.94036055404175,54.33462653234887,58.68267245898844,61.80136441605742,84.41129901593207,93.98463627963416,41.7259404617982,5.047526371305511,0.0,0.0,0.0,0.0,0.0
29.880344993017182,30.099364980943967,29.802254388963707,29.29115616945625,30.956299538158515,30.981132160471034,32.09393193011499,34.43765777449607,34.29562086427285,33.6505834344538,34.47267707701471,34.82704759995953,36.47445277064449,36.89495138623117,38.9844856223491,44.78973268380727,44.556239333955865,45.57340822203621,46.87886013028824,45.05746670092373,51.63701570785288,53.18486163863905,59.36888671133073,65.00184135563508,89.2213806285443,90.97539809685054,29.42368412679302,2.441904629159445,0.0,0.0,0.0,0.0,0.0
29.862511514970063,30.257614295853475,29.941021733283243,29.640511072334856,30.98035245243644,31.173134732470707,33.252401163752204,34.53500859588086,33.65678116428466,34.01097242148768,35.164644012397545,35.37479634460602,35.96768586476912,37.3732630695486,39.5097525468988,44.41203842959866,44.99077003786503,45.51054138368004,47.635251898370015,45.864588137606745,52.79856271384925,53.76941197774761,60.09392892592934,69.12562270502974,94.40848654453822,76.34149860726745,15.62486311120432,1.0569280740805287,0.0,0.0,0.0,0.0,0.0
29.82508840748497,30.38099718275208,30.667679394290044,29.783811596561364,31.33347223665847,31.523100978697435,32.68903027369259,34.9881498259142,33.5455815253693,33.82148268514531,34.92368506278617,34.80891588531881,36.2294673307991,38.15020850621469,39.88437851569413,44.59779154589691,45.29681559785504,46.68948631506648,48.587115079536176,46.16758906827445,53.22466155765043,54.44710897675133,62.085051718655656,72.17922917264292,98.4908174368292,64.73013847418115,9.968464585730167,0.7895266548228095,0.0,0.0,0.0,0.0,0.0
29.6003230096171,29.99931408013945,30.211620261610445,29.86452220933077,31.341562602710013,31.385505733369925,32.302438108686495,35.19817131260178,33.88286194389866,33.987594783789575,35.101400284574865,34.649288182670524,36.5782537059675,38.29886267636415,39.93288470107058,45.09605720270367,45.3003928601126,45.91066021667928,48.17663983734327,46.72163644275384,53.60452867120798,56.2106484524278,64.84580826796274,77.85638796133249,100.0,46.69845896720678,5.819127774748837,0.1966096339773425,0.0,0.0,0.0,0.0,0.0
30.08303785760885,30.411916932084555,29.937156582522203,29.915083625865503,31.56229061088624,31.4250056488213,32.23862976832249,35.828657079151355,34.102959925487816,34.61016772355394,35.33787057900616,35.01625984428728,37.35277128971487,38.64694944698405,40.65391674041479,44.945101700513554,45.64264827299469,46.06913588912168,49.52138603738748,47.21633511991099,53.97112800641355,58.27300282849411,67.50675436014477,82.42764940157237,95.2109851692234,33.540406780218945,3.2019028543901435,0.0,0.0,0.0,0.0,0.0,0.0
30.17143534133015,29.854993147442457,30.240063572018983,30.357271061350744,31.85990898632034,31.584015938639187,32.39242036624497,35.83986447101105,34.484345810308895,35.16958526590176,35.38144807866745,35.18055013389625,37.21361222999903,39.290365139888834,40.298271340936296,44.3930878826792,45.6281836296335,46.98893604985695,50.22831459239903,48.08071586987868,55.79983334226885,58.732974551002975,71.16747587810069,90.87153937974196,83.991603226774,22.3837620303083,1.4739981163839977,0.0,0.0,0.0,0.0,0.0,0.0
30.059167475985813,29.87306910522679,30.11132241857557,30.14582393190008,31.66101588965892,31.48528907843352,33.14245613999398,36.53798079865109,34.39628139201594,35.56479275011105,35.60477104784922,35.71554379982398,38.02746264998683,40.02877130199309,40.57953357138332,44.63099402654347,45.05151973486298,47.78164970623257,50.57004482318034,49.33340477133132,56.01396281102885,60.346749886604776,75.75972596577508,97.09865720625874,71.99263219576085,14.045056880779736,0.2247786967640193,0.0,0.0,0.0,0.0,0.0,0.0
30.07564014273182,29.87131294171375,30.225299215963634,30.37446878054168,31.82836669368348,31.91585529776279,33.08364740025144,35.692582235331486,34.29383323245156,35.081724913681995,35.47913777439426,35.98205451774128,39.03007286634904,40.30803896617567,41.21899596615075,45.34683306441658,45.13259017993413,47.92311118023702,51.52998253488951,49.70153864307652,57.515523236743306,62.33715914976552,81.7184614665707,100.0,56.1468448005375,6.974174959594531,0.0,0.0,0.0,0.0,0.0,0.0,0.0
29.67386107908532,29.931400890352347,29.90900957258534,30.5340262399435,32.396926706445406,32.293905407250634,32.66490285106161,35.26889906423752,34.775285321077256,35.02924246254841,35.77258064817138,36.57499335296168,39.36781524476101,40.64271328701844,41.493739348186416,45.02976983208048,45.80542445701109,48.702428665645,50.99718254192008,50.47801158967163,59.219124636252026,64.20816382416845,89.0379421485688,97.18527318622088,40.77536654849647,4.173332316419067,0.0,0.0,0.0,0.0,0.0,0.0,0.0
29.872889231691616,30.447228196677827,30.125200777250104,30.43097169669837,32.370010934896385,32.60904339859228,32.465885522085095,35.40649074973003,34.63501993908401,35.805151686151206,35.61827725584517,37.05511057255328,39.11856957208632,41.02337145098635,41.15236223149279,45.03336108861271,45.76652585417674,48.80811499883288,52.37183281435501,51.482663741270365,60.66292513834227,68.33839879076623,91.91285226279447,86.79876165243763,27.889378663656508,1.9194137868199508,0.0,0.0,0.0,0.0,0.0,0.0,0.0
29.85091748125145,30.16824345111523,30.31094347707595,30.349854532845168,32.22804325168332,32.71452928674085,32.34655581078727,35.46922667203578,34.70692861327924,35.74176877897964,35.71931151538789,37.62224940688759,39.638989895193504,41.25780305353007,41.79361124427808,44.7171959579574,46.49085095596105,50.01523427662055,52.23368183502851,52.51591557953828,62.78863777568255,70.61708887313856,96.6911685838333,73.24690725536716,15.23988234006326,0.4182481103178452,0.0,0.0,0.0,0.0,0.0,0.0,0.0
29.277373355999995,30.0995616987778,30.46897930598378,30.60867028093628,32.24637618216555,32.716619424825666,32.52841128224409,35.72150839977327,35.00378284219184,35.333480979488286,35.80619396334107,38.14018660027044,39.92299309437026,40.29560294995946,41.88571760940289,44.663481777454926,46.49417741298943,50.18821805061078,52.45774805323321,54.18905844791938,64.06842658917861,76.03991039488585,100.0,60.48182427185628,10.611475153473975,0.3044350946755128,0.0,0.0,0.0,0.0,0.0,0.0,0.0
29.77061995921364,30.42838373480454,30.940223736320057,30.830848226668607,32.15370716069451,32.92594187249557,33.389506599370094,36.09363803213285,34.62389880537653,35.1005691966455,36.684884101874985,38.20214223981728,40.20571986104929,40.13837183869354,42.8428008626388,45.18843962258831,46.64981193146613,51.3007410686636,53.0660967823902,54.903688885284105,66.49322708677526,81.47709313625177,99.22316775368802,44.76205437024803,4.675096393833479,0.1261293090345662,0.0,0.0,0.0,0.0,0.0,0.0,0.0
30.19211970738569,30.09364792449727,30.6981511861014,31.341514722889737,32.271531094442054,33.30480319436675,33.22148007443101,35.83313598670553,34.725765273905594,35.59414603358198,37.22288609729782,37.91626823596783,40.492363315368905,40.9787297723402,43.105425847854434,46.18087827860624,47.09808902118645,52.70777248486047,54.472417328142505,56.50332521385172,70.09232248850644,86.93416956219387,94.26907559393489,31.17649323817136,2.6795476088740955,0.172497197230182,0.0,0.0,0.0,0.0,0.0,0.0,0.0
29.655373271572387,30.466022348992045,31.243305407297505,31.06599977505676,32.518532749974014,32.969267788552926,33.46485528714008,35.778189638428664,35.10699870165198,35.555501696538606,37.04280836191658,38.22885873150078,40.55666022596069,41.62499671317673,43.445703745632144,46.25729548986439,48.43244545540466,51.86995901173596,55.3976111049674,58.09991356828794,74.60887961331409,92.0177687652607,86.04187966448414,19.1537178110818,0.7054784564713776,0.2096606307419344,0.0,0.0,0.0,0.0,0.0,0.0,0.0
29.82865906187861,30.613485585585337,31.24220864327381,30.96297221482944,32.17320902158944,33.5367184630757,33.766638656456635,36.249860155316014,35.579033297739,35.15142594807885,37.60022536404273,38.632849155986285,40.73818013289099,42.20438198778369,42.79222722979881,46.271491619920376,49.291076256719386,51.45558048835014,56.59023112835602,59.77150153338099,78.6101027510806,97.03349016401884,65.871350330596,10.3404485871112,0.0,0.0,0.0,0.0,0.0,0.0,0.0,0.0,0.0
30.19070885267594,30.018075435595563,31.55697353876161,30.86189362972081,32.81179647636951,33.518333696362994,34.326645166923875,36.22730674834276,35.12176851193177,35.76971563418876,38.457505646730205,38.6786466481193,41.31017872386274,42.64914492891341,43.007862600689904,46.380549945072175,49.59188986927245,52.68550539672631,58.810779970218285,61.63496237555703,84.83582942791897,100.0,48.49936061326324,5.332594354992351,0.0,0.0,0.0,0.0,0.0,0.0,0.0,0.0,0.0
30.19732032014358,30.61675883727176,30.96643934981274,30.309318874683782,32.74500397409049,33.47692791702963,34.25866819256696,36.25898697871745,34.97248983802592,36.80470717455864,38.71678680162941,38.62359979427371,42.02963450347647,43.32846940114704,42.8048103374984,46.37174665674371,49.81621041443851,53.74499438277791,59.273322069625166,64.80112490608653,91.7697411327503,96.01458087554168,34.42681257546846,2.1262661488429115,0.0,0.0,0.0,0.0,0.0,0.0,0.0,0.0,0.0
30.5068218573563,30.41864637955375,31.802568946225303,30.335910972931927,32.40628467007311,33.62460578070323,34.36656243641797,36.83542546426239,35.499940729413,37.115748425427775,38.475572545853446,38.92155378308417,41.13664016622285,43.814510341972586,43.769203568267,47.39848365060765,50.74754687180037,54.64047227831633,61.413386703422766,68.4375773749999,96.15415090397926,83.9727651589873,20.34080991368429,0.9250872222208696,0.0,0.0,0.0,0.0,0.0,0.0,0.0,0.0,0.0
30.613611797967533,30.56681199512813,31.673276588490346,30.41833623649946,32.625919339718344,34.10308932386354,34.388017565622896,37.18495161441987,35.42146427023316,37.01860677509511,39.17256363691418,39.54828218838357,41.53250853478053,42.859280908180914,42.98292877048735,48.40190938517348,51.007874199993616,55.94783953536336,64.46236733111411,72.73855629072072,98.83386408510566,67.05824987011394,11.726914054030384,0.5271457249429508,0.0,0.0,0.0,0.0,0.0,0.0,0.0,0.0,0.0
30.22049612275707,30.841748892246432,31.683464113916536,30.706960883251888,32.5277296942731,34.101234865203814,34.58889613473738,36.29249486208965,36.085904084370576,37.39719579200179,39.16180035172259,39.53262994590354,41.84475560808759,43.17046665989908,43.86316207663071,48.402227509370114,53.23831736226657,56.97836047156808,66.51461263334316,76.94953718969849,100.0,54.193244993341295,5.394150200479855,0.2343661620555652,0.0,0.0,0.0,0.0,0.0,0.0,0.0,0.0,0.0
30.37222429492613,30.98978622778332,31.799040981400854,31.095321996363047,32.084390304849435,33.82275263697731,34.51826054071771,36.529354759290655,36.95875026497124,37.67210109294282,39.42284691452506,39.74791376476075,42.6017838632065,43.859868137873896,44.1015975236607,49.13935311905688,52.8984588760967,59.04835780028859,69.14109922110885,82.11094047645486,96.19179730246375,42.71097844053551,3.5698808687451,0.0,0.0,0.0,0.0,0.0,0.0,0.0,0.0,0.0,0.0
30.78379663484699,31.69615618532041,31.910901505533275,31.34216022077176,32.60396594003788,33.99776670938716,34.299288572834136,36.77708537481319,37.34607654761586,38.34137782079269,39.58308684552468,40.17931751592962,42.99060346424895,44.61498120324954,44.60696792656267,49.68682238711852,53.42892577515512,60.6844993922441,72.11393491608182,89.378242510004,93.67019635944266,30.09536301063069,1.2871629457977245,0.0,0.0,0.0,0.0,0.0,0.0,0.0,0.0,0.0,0.0
30.59107633353891,31.63219549017248,32.018392371054624,30.969149681154818,32.701051082012135,34.052328904807766,34.20848210589097,37.308512662979375,37.62606902895039,38.64606134598577,39.667082510122896,39.88497512472931,43.50507965138158,45.35005984668444,44.60724928704801,50.5697533921966,53.99250422063028,62.06699124310249,76.9010204290158,95.7286934127769,79.31526110320952,18.307983894356685,0.1688649459931335,0.0,0.0,0.0,0.0,0.0,0.0,0.0,0.0,0.0,0.0
31.068164790616635,31.289727568081712,31.98972403414612,31.49077154146702,32.89651436998887,34.35692631355758,34.44779935772623,37.2154773508704,37.89079607041825,39.18630539798838,40.26254874734856,40.48190172295244,43.65846502989973,44.71927608533484,44.95569809672449,50.821247148909066,55.10891756331711,64.0368000052008,81.45639885163808,100.0,65.16596482487569,9.99755906140782,0.0,0.0,0.0,0.0,0.0,0.0,0.0,0.0,0.0,0.0,0.0
31.225931015280164,31.248397424248985,32.1016738022739,31.411368168317686,33.18172801305831,34.80741213915544,34.810425481547064,37.41450155385145,38.23440798924632,39.51106167079819,40.522775150085465,40.902538424296935,43.95742738292761,45.21338653594843,45.97136074356183,51.61176910208111,57.0161950895831,67.11917379124934,88.03534510619461,96.99634561510108,48.01484978856743,3.393300898547453,0.0,0.0,0.0,0.0,0.0,0.0,0.0,0.0,0.0,0.0,0.0
31.23065396026673,31.27541242917543,32.11053916510459,30.95555132812316,33.152931925177626,34.80594965774094,35.11936065345929,37.74365169713681,38.02175824182256,39.89533127933908,41.0916812937892,41.4246088902065,44.05848304135535,44.88868617926765,46.378827015380274,52.61890691782277,58.09566275039885,70.35483849833194,93.64303689130324,87.08274971896807,31.08073924516146,0.7971280735642186,0.0,0.0,0.0,0.0,0.0,0.0,0.0,0.0,0.0,0.0,0.0
30.658098644191007,31.59163377365972,32.26957948678131,31.60136306545409,33.068059500809014,34.98342899760196,35.70478651688863,37.52153480605653,38.4010190604828,40.05698955705644,41.03791678266144,41.97132135249444,44.63066181774116,45.13082836326637,47.19014338690286,53.46789904799007,59.91742559707885,74.89274600691742,99.42723453931052,75.73551130843764,23.386160435609955,0.4955794392512239,0.0,0.0,0.0,0.0,0.0,0.0,0.0,0.0,0.0,0.0,0.0
30.87821541568713,31.35059243163373,32.96863763817952,31.462267098337804,33.63083414998703,35.053278498302376,35.8710674708076,37.19200658217776,38.966742095218,40.33020272875712,41.35244124728569,41.97839540581192,45.28372502568504,45.78117698159474,47.324760012447406,54.535509162550845,62.59965619718935,77.90640443166832,100.0,61.81306225165213,14.812675225440891,0.3758421712805482,0.0,0.0,0.0,0.0,0.0,0.0,0.0,0.0,0.0,0.0,0.0
31.354691784053163,31.611532081993268,33.02949695047853,31.37651583839688,33.602051084887194,35.24562620111085,35.44578668668383,38.10218740212382,39.22605209044803,40.786640976839934,41.8356588249052,42.44709827264949,45.47578983038557,47.03289727253465,48.16335288817317,55.52727707005243,65.06401036069319,83.2816722583178,99.04988291909709,47.765380893246586,7.374231123817744,0.0620930645645619,0.0,0.0,0.0,0.0,0.0,0.0,0.0,0.0,0.0,0.0,0.0
31.81521326535518,31.87620491778456,33.01335040330022,31.44392774455536,33.644311365791246,34.60378660926655,35.86270888034125,38.542901025796816,39.5490001032848,40.67112327339279,41.83567989259274,42.8339822893002,45.85586821603341,47.431297685064806,49.52270595896431,57.48246151926651,68.28942279942422,89.11204141266273,93.29882108323233,35.25191331930535,3.3566907146385034,0.0,0.0,0.0,0.0,0.0,0.0,0.0,0.0,0.0,0.0,0.0,0.0
31.628994884989496,32.139302965521146,32.65227001446803,31.84748433612354,33.883596220832,35.474112090004795,35.902799453179874,39.064392624810026,39.91325824069594,41.0990778485633,41.68413510812744,42.71464500853264,46.3372809607956,48.336354332489925,50.01412015465927,58.59965437944136,70.79833034755157,95.636719179562,85.47950756050592,21.41140329833554,2.06650422051259,0.0,0.0,0.0,0.0,0.0,0.0,0.0,0.0,0.0,0.0,0.0,0.0
31.483941932751986,31.82849275769986,32.942212416266585,31.79127143838532,33.50223765601317,35.09433567776371,36.52105087105794,39.743592290274485,40.02019045321895,40.79722450338267,41.38422205936206,42.95179330316223,46.98102553757769,49.131861187601984,50.78595835500101,60.7912513039355,74.62507565375607,100.0,78.47961252703658,15.728799251932273,0.9626348369223948,0.0,0.0,0.0,0.0,0.0,0.0,0.0,0.0,0.0,0.0,0.0,0.0
31.74350526099797,31.717234109952173,33.448033510187685,31.76463353600668,34.13117673872884,35.05200282623324,36.96432411638206,40.048327797818985,40.386795459305965,41.18325842167884,41.732232883286215,42.87411759977435,47.33946641221241,49.46002474170032,52.01665831493145,63.30030887450961,77.84352276378219,99.20776462986124,65.62145966491575,10.919799870731822,0.6355371594090735,0.0,0.0,0.0,0.0,0.0,0.0,0.0,0.0,0.0,0.0,0.0,0.0
32.003790080728365,31.619462507493044,33.53339570578141,31.78833241750073,34.316151223724084,35.09225270231863,37.19155064398345,40.09465186569983,40.93629068503076,41.19388574666296,41.891228723466014,43.01919032612085,47.677047858242624,50.42417021365596,53.82518570444063,65.71773980523957,82.0266984028485,98.4126763099277,45.65983850318629,6.842831802882532,0.20241139126089,0.0,0.0,0.0,0.0,0.0,0.0,0.0,0.0,0.0,0.0,0.0,0.0
32.00176282938266,31.54059826832341,33.61006493429473,32.15250577297653,34.22979492894602,35.82697121246012,37.40380947640274,40.90344380611847,41.43189182401715,41.550440198031744,42.652362837039206,43.82748116670387,48.31462093009604,50.90122144142375,55.3939571893264,68.25188459267243,88.22225212609054,91.75911471449692,31.8349827832158,3.230015113675252,0.0,0.0,0.0,0.0,0.0,0.0,0.0,0.0,0.0,0.0,0.0,0.0,0.0
32.00583772861911,31.34145080913312,33.83393877326044,31.79872307771192,34.15558103633128,36.05822856045526,37.78107478138824,40.561143660046135,41.70714253737911,42.08738823360811,43.07469385881854,44.51322748433644,48.152307792647626,51.7684911938528,56.88600629478465,71.19570405532217,96.07940263628444,85.21785603292858,18.58680859352513,1.1148071888029576,0.0,0.0,0.0,0.0,0.0,0.0,0.0,0.0,0.0,0.0,0.0,0.0,0.0
31.941167378966625,31.644465716710965,34.23553196268858,32.181895100781624,34.50977012708012,36.720836489042185,38.257680086061065,40.68594909194136,41.3740613190092,42.78190135624603,43.48283265540508,45.122501355525294,49.18316940845372,53.04049622331632,58.98151806898778,75.45208061971199,99.0165066359499,76.17960825982611,11.150009850923036,0.2289751366363335,0.0,0.0,0.0,0.0,0.0,0.0,0.0,0.0,0.0,0.0,0.0,0.0,0.0
31.95984835969373,31.996022197851108,33.81657448098878,32.21762436141115,34.83492044529952,37.32992546000643,38.46643926938176,42.0648398742195,41.08524590780439,43.560856165116085,43.15744896638988,45.644509955263295,50.03471056855804,54.39993095537126,60.66239294732668,81.09223487971227,100.0,59.13000149956634,6.426004602005498,0.2982254058057261,0.0,0.0,0.0,0.0,0.0,0.0,0.0,0.0,0.0,0.0,0.0,0.0,0.0
31.88910218662387,32.0515183641644,34.1169300217904,32.04355782954434,35.07792140616601,38.44454853429573,39.222615973330136,41.67927194289317,42.18498144529516,43.74807871609227,43.76093352969573,46.713005091302456,50.63782938253781,56.37395035822482,63.89674832519989,86.86791313122978,95.94835515035658,39.428326803039255,3.352072136838589,0.1944477138554167,0.0,0.0,0.0,0.0,0.0,0.0,0.0,0.0,0.0,0.0,0.0,0.0,0.0
31.56601422582649,32.454155607253604,34.265198855337964,32.24294154250126,35.50513217320673,38.30522674265011,39.013981477433816,42.65820619675327,42.34987369217448,43.65972324086488,44.74977173048784,47.2397291155154,51.40256401780282,57.58961283014626,67.41746443242518,93.02579413321898,88.84425197033293,26.90696049210733,2.2698068914646985,0.0,0.0,0.0,0.0,0.0,0.0,0.0,0.0,0.0,0.0,0.0,0.0,0.0,0.0
32.125165260433256,32.83961688411739,34.73549088412013,32.18003107044455,36.12771493989186,38.88079558356282,39.57761797180088,42.34589552110384,42.5254592842271,44.17922745531024,45.67579693620921,47.93440415052269,53.176846420219285,59.0291354142153,70.61838070395366,96.8863439345114,77.5114832107713,18.553011283863885,0.6865950813299853,0.0,0.0,0.0,0.0,0.0,0.0,0.0,0.0,0.0,0.0,0.0,0.0,0.0,0.0
32.20656199653539,33.14221633462506,34.8815999428946,32.7260828616416,35.820651350290746,38.59908768845463,39.79141028080523,41.44589330019366,42.80441607264437,45.18261086021263,45.860710332488,48.42470585510642,54.14324821950134,61.57381887503254,76.16811990058928,100.0,64.84515814246636,10.654219031293296,0.0848229084360927,0.0,0.0,0.0,0.0,0.0,0.0,0.0,0.0,0.0,0.0,0.0,0.0,0.0,0.0
32.29305300783045,32.98978436474353,34.6790210919455,33.09571178953335,36.17535048181625,39.158152030885226,39.53367268326471,41.72265877725099,43.10321117029353,44.73998023597623,46.31331571824774,49.245903063804185,54.74598374407474,63.40429088607492,80.28086754688591,98.55510762739326,49.89044895105895,5.036551866688795,0.0,0.0,0.0,0.0,0.0,0.0,0.0,0.0,0.0,0.0,0.0,0.0,0.0,0.0,0.0
32.55261851859351,33.549679474128666,34.6115613851286,33.55059416275746,36.88316157503733,38.88434862692294,40.126262157399,41.5319120765091,43.367964528684816,45.22140325624717,46.76039018846917,50.771952988473146,55.940345476282864,66.36715623912285,86.97512034536126,94.308663935815,37.91267683535577,3.119556413657641,0.0,0.0,0.0,0.0,0.0,0.0,0.0,0.0,0.0,0.0,0.0,0.0,0.0,0.0,0.0
32.2126049605365,33.350503014414905,34.043312873209544,34.123679193838015,37.29561606607068,39.17302599719086,40.62002731670319,41.91014634122265,42.845040793655336,45.56222934241215,47.0697578000813,51.915402730759325,57.94243399413892,70.02743672804478,92.30133296746187,86.24277361556646,28.90335320520307,1.4224556185870914,0.0,0.0,0.0,0.0,0.0,0.0,0.0,0.0,0.0,0.0,0.0,0.0,0.0,0.0,0.0
32.76207129891612,32.9501188129249,34.49254761800038,34.499822700582314,37.10382196872735,39.89653814651397,40.61632902470016,41.99723746627837,42.93930699865027,46.51554527498151,48.03375040371191,53.035261904580246,60.4236380848713,73.4526771769727,94.6968876155292,73.64987355261492,18.99479950968265,1.0158649831551352,0.0,0.0,0.0,0.0,0.0,0.0,0.0,0.0,0.0,0.0,0.0,0.0,0.0,0.0,0.0
32.4761952354753,32.50738435024356,35.47032061916844,34.98383444513381,37.62818056905711,40.14673406153764,40.66060525337441,42.80964631230353,43.72999069830532,46.95958338419987,49.113073846963935,53.46316548844203,62.70891916617901,78.10994137163455,100.0,60.1425145281027,11.05616993905337,0.5508690449938675,0.0,0.0,0.0,0.0,0.0,0.0,0.0,0.0,0.0,0.0,0.0,0.0,0.0,0.0,0.0
32.621415583255065,32.85313660193312,35.320969676266,35.091028894230355,37.67066486423782,40.19066213564397,40.695643532415296,43.49438790164507,44.28396816575516,47.696549859939786,50.23671311275642,54.8545118278866,65.04880941573327,84.09960471530702,92.5877717792851,46.80801808267081,4.570255727274872,0.3586151711046325,0.0,0.0,0.0,0.0,0.0,0.0,0.0,0.0,0.0,0.0,0.0,0.0,0.0,0.0,0.0
33.154629070723395,33.11649093437154,35.530655900916926,35.70616610264403,38.36656013431746,40.260832916206446,41.46944521646122,43.85352096765062,45.12268031084222,48.17395280990601,51.656324590237126,56.89826411707457,67.42249111262822,92.71475267166348,85.1165033547583,33.54700015663425,1.9015227653626263,0.2359494864535582,0.0,0.0,0.0,0.0,0.0,0.0,0.0,0.0,0.0,0.0,0.0,0.0,0.0,0.0,0.0
32.609548728873015,33.39285402518418,35.84120202385174,36.38458912405007,38.906276188497166,40.969066437579066,41.74752647922726,44.545218728014966,45.68992395204423,48.426158464689046,52.470631481740696,57.86109351055667,70.93899926253238,96.72358558153284,74.41669342981675,20.617531152486,0.2707540247481408,0.0,0.0,0.0,0.0,0.0,0.0,0.0,0.0,0.0,0.0,0.0,0.0,0.0,0.0,0.0,0.0
32.74054693993239,33.449282972271696,36.564938122714295,36.701821418878005,39.06507692342625,41.4759921652884,41.84406971444814,44.86943887184762,46.20121906874893,49.67228566355777,53.26487614116199,59.974456889020914,74.40118261373975,98.07968329639829,63.61089315664554,11.858650934463755,0.1306793168574517,0.0,0.0,0.0,0.0,0.0,0.0,0.0,0.0,0.0,0.0,0.0,0.0,0.0,0.0,0.0,0.0
32.6594565210642,33.702509361533174,36.33352661134712,36.99415962245685,39.95726486056717,41.55603639528367,42.20920592176231,45.16083038022525,46.55600681867565,51.5790693788118,54.96629333599597,62.615404567884895,80.48053261795764,100.0,48.98485113841521,5.882149164704392,0.0,0.0,0.0,0.0,0.0,0.0,0.0,0.0,0.0,0.0,0.0,0.0,0.0,0.0,0.0,0.0,0.0
32.82754733727424,33.3978787125012,37.10876797596614,37.35673864326753,40.24438403919088,41.61987130153276,42.54416610108794,45.955367301485566,47.359945916740536,51.50723389024332,56.378287608692,65.82661098028616,87.04497590681405,95.40306353924316,36.25041061272202,2.5071086495596435,0.0,0.0,0.0,0.0,0.0,0.0,0.0,0.0,0.0,0.0,0.0,0.0,0.0,0.0,0.0,0.0,0.0
32.90775167605029,33.67783387676676,37.24047390824886,37.73790079950503,40.59931343159318,41.81035517467569,43.56305870623387,46.86217316714924,47.810059958205045,52.4196213124739,58.15065984736633,68.37149487146235,94.75045897785444,83.71872089314097,26.355071079096607,0.8098219343125311,0.0,0.0,0.0,0.0,0.0,0.0,0.0,0.0,0.0,0.0,0.0,0.0,0.0,0.0,0.0,0.0,0.0
33.076569708309684,34.32128854333957,37.672331947408246,37.41514306787262,40.35382228584699,42.5505613716361,44.21793060003251,48.049124223288416,48.609991587710944,53.46910494246735,60.31435535027225,71.84172043205275,96.4595544352384,70.31899431459716,15.895776183382482,0.4407171930471088,0.0,0.0,0.0,0.0,0.0,0.0,0.0,0.0,0.0,0.0,0.0,0.0,0.0,0.0,0.0,0.0,0.0
33.28265717055711,35.27637533619453,37.9480378621584,37.96485336278466,40.443441798228655,42.848619067183535,43.62809028457752,47.82425639399705,49.79198886255179,54.30998078471587,62.03600172017575,75.9032410976258,100.0,61.01527156903287,9.848768664471244,0.212913978992876,0.0,0.0,0.0,0.0,0.0,0.0,0.0,0.0,0.0,0.0,0.0,0.0,0.0,0.0,0.0,0.0,0.0
33.77627236390373,35.644486658084766,38.02651307331972,38.57268809477607,41.15968672270591,42.91649420142258,43.84470159113878,48.35813154979903,50.44049230202245,55.65191397073964,64.33914484021744,82.3710857039497,99.89524144995173,45.65640877771399,4.272109315023206,0.346664311395274,0.0,0.0,0.0,0.0,0.0,0.0,0.0,0.0,0.0,0.0,0.0,0.0,0.0,0.0,0.0,0.0,0.0
34.39193405455882,35.61890365125268,38.30478543857147,38.88087531657364,41.29358501680711,43.029792504215415,44.5733341743106,48.39118232322681,51.3264643707303,57.334767567635055,68.17985621996185,88.16436646108932,92.55438149415671,32.678460897794544,1.7446130301581189,0.1832189010632871,0.0,0.0,0.0,0.0,0.0,0.0,0.0,0.0,0.0,0.0,0.0,0.0,0.0,0.0,0.0,0.0,0.0
34.406828936456,35.94458403947369,38.418492457014935,38.81830513941144,41.880448027553776,44.015382509180085,44.78991466430498,49.52460026554571,52.77624888607543,59.46874943013791,69.91963188303546,92.4776668237126,84.62401772448689,20.145970791857177,0.3185029460611489,0.0,0.0,0.0,0.0,0.0,0.0,0.0,0.0,0.0,0.0,0.0,0.0,0.0,0.0,0.0,0.0,0.0,0.0
34.97275034588309,36.18430090911841,38.95740540605879,38.934844589489785,42.3061751996552,44.31882140338657,45.54373173292766,49.80826488277215,54.017906348498805,61.81933463741082,73.92444319002014,97.26469303400307,71.61708584393226,12.553226958960185,0.1379800925615572,0.0,0.0,0.0,0.0,0.0,0.0,0.0,0.0,0.0,0.0,0.0,0.0,0.0,0.0,0.0,0.0,0.0,0.0
35.54661196099553,36.76773694133259,39.78239854175225,39.5620911264889,43.5855401124455,44.70241790758458,46.19629426757657,51.24348723132963,54.927728343678325,63.65265159440381,79.26004099923553,100.0,54.31653050336864,7.370386093696293,0.1189196025597491,0.0,0.0,0.0,0.0,0.0,0.0,0.0,0.0,0.0,0.0,0.0,0.0,0.0,0.0,0.0,0.0,0.0,0.0
36.14448418386902,36.99640517880255,39.15130466574474,39.65111803198192,44.38640088717461,45.05386148759178,46.9687705780806,52.49061814572126,56.47242962193335,66.17213756246399,83.61915927365045,97.96736573932412,40.74708294153858,3.901356542596554,0.0,0.0,0.0,0.0,0.0,0.0,0.0,0.0,0.0,0.0,0.0,0.0,0.0,0.0,0.0,0.0,0.0,0.0,0.0
36.556679713988565,37.49067081411507,39.665902717298295,39.80020244156147,44.1383719361255,45.5777196214525,47.72116953237622,53.06907347182059,58.632322209199366,69.42063946913915,90.7503768642611,88.59883541383829,25.641323600368604,1.2079618489353896,0.0,0.0,0.0,0.0,0.0,0.0,0.0,0.0,0.0,0.0,0.0,0.0,0.0,0.0,0.0,0.0,0.0,0.0,0.0
36.92256491821542,37.80460706310574,40.45671632106932,40.25088869288248,44.13461187036625,45.94487439889684,48.56341786543553,53.75503297725115,60.53817528015034,73.32933496796886,97.9417081912287,76.69069727451588,18.91032564589424,0.6020372631311054,0.0,0.0,0.0,0.0,0.0,0.0,0.0,0.0,0.0,0.0,0.0,0.0,0.0,0.0,0.0,0.0,0.0,0.0,0.0
37.537538644656856,38.12619232344627,40.12525336494164,40.76231179292416,44.27900220287676,46.35055796171015,49.97053730573796,54.93074613961195,63.12491784165518,77.71228074683631,100.0,64.04957972141455,11.852907744480484,0.0,0.0,0.0,0.0,0.0,0.0,0.0,0.0,0.0,0.0,0.0,0.0,0.0,0.0,0.0,0.0,0.0,0.0,0.0,0.0
37.96799810084565,38.51081004749639,40.39488991305016,41.2675417847284,44.30605968668723,47.03208953509055,50.64740546703369,56.6301623283285,65.24251193973957,83.41294424540699,98.14022048859644,47.303620964836696,5.514070466278649,0.0,0.0,0.0,0.0,0.0,0.0,0.0,0.0,0.0,0.0,0.0,0.0,0.0,0.0,0.0,0.0,0.0,0.0,0.0,0.0
38.20751218429391,38.73703581114604,40.665145825967656,42.24267976442155,44.81340104548969,47.99630584525435,51.67002286323568,57.70000182865177,67.62452027250986,88.07961617538626,93.19940949441776,34.293364512522146,2.041020233551444,0.0,0.0,0.0,0.0,0.0,0.0,0.0,0.0,0.0,0.0,0.0,0.0,0.0,0.0,0.0,0.0,0.0,0.0,0.0,0.0
38.24924834328526,38.9803502885111,41.19320233852374,42.02400199610113,45.52642866306252,48.74476152558493,52.66833449099696,59.98418747604959,71.02135786178096,92.227867328287,86.47212470254713,25.007098690454743,0.6269338883997497,0.0,0.0,0.0,0.0,0.0,0.0,0.0,0.0,0.0,0.0,0.0,0.0,0.0,0.0,0.0,0.0,0.0,0.0,0.0,0.0
38.449867303745485,39.25179045758441,42.093212397484216,42.26675360957725,46.061441860364255,49.31655681994357,53.88456005811065,61.64857397964853,75.3932596057016,96.20849894250212,71.77140848972904,15.317148121069389,0.4591460939211013,0.0,0.0,0.0,0.0,0.0,0.0,0.0,0.0,0.0,0.0,0.0,0.0,0.0,0.0,0.0,0.0,0.0,0.0,0.0,0.0
38.52439953797964,39.70214705381447,42.64993813423804,42.83687673897949,46.33150027423206,50.54798247636791,55.2970356976476,64.530355552946,80.16019826092963,100.0,55.56885349284454,9.87963479702296,0.2573761742311556,0.0,0.0,0.0,0.0,0.0,0.0,0.0,0.0,0.0,0.0,0.0,0.0,0.0,0.0,0.0,0.0,0.0,0.0,0.0,0.0
38.98773379291358,40.24870667640735,42.76830172594325,42.63809442918824,46.83630671405607,51.48057505043013,57.311514213587145,66.99788677130917,84.39537553260111,99.21737605168512,44.08196694723696,3.565665343912749,0.1800129744038997,0.0,0.0,0.0,0.0,0.0,0.0,0.0,0.0,0.0,0.0,0.0,0.0,0.0,0.0,0.0,0.0,0.0,0.0,0.0,0.0
39.48773266289266,40.59196515861544,43.5052231455213,43.09701972047613,47.706410150516746,52.55648317453044,58.73496953052533,69.63531686816309,91.55144442428237,93.49227802769956,31.26507402628657,1.9916811204915577,0.0,0.0,0.0,0.0,0.0,0.0,0.0,0.0,0.0,0.0,0.0,0.0,0.0,0.0,0.0,0.0,0.0,0.0,0.0,0.0,0.0
39.136066933925335,41.38904041934136,43.48391167531594,43.52614227538837,49.08796319090609,54.04592400870165,60.22609016609192,73.55582544956405,94.61225269241524,79.08532225681115,20.084462981777136,1.030252127014507,0.0,0.0,0.0,0.0,0.0,0.0,0.0,0.0,0.0,0.0,0.0,0.0,0.0,0.0,0.0,0.0,0.0,0.0,0.0,0.0,0.0
39.56291793961747,41.77026914224542,43.80330866005289,44.234219415787805,49.958760994488834,55.60274776088912,61.825301744601774,78.86322867329125,100.0,68.60476333941878,9.829274691602407,0.3605417328307121,0.0,0.0,0.0,0.0,0.0,0.0,0.0,0.0,0.0,0.0,0.0,0.0,0.0,0.0,0.0,0.0,0.0,0.0,0.0,0.0,0.0
39.75786510074574,41.842714683838,44.63869743470485,44.98525968646088,51.93297837225982,56.80561771500061,64.23737853496682,82.77694204732425,97.70654940355958,54.17353167597388,7.137095878988824,0.1245282234418437,0.0,0.0,0.0,0.0,0.0,0.0,0.0,0.0,0.0,0.0,0.0,0.0,0.0,0.0,0.0,0.0,0.0,0.0,0.0,0.0,0.0
40.0859438830991,42.097614382229445,44.85796321869319,45.839666727190725,51.76147298631976,58.72340525722461,67.66750684094586,89.48604698745248,93.82675466181897,37.44159383569738,4.075631090406756,0.0,0.0,0.0,0.0,0.0,0.0,0.0,0.0,0.0,0.0,0.0,0.0,0.0,0.0,0.0,0.0,0.0,0.0,0.0,0.0,0.0,0.0
40.63583293188222,42.16709822875181,45.42670786894186,46.49526506235259,52.22462028992152,60.523864463765726,70.61143106122661,96.10832629077368,82.27318985050779,24.01542951700132,1.6531416290562866,0.0,0.0,0.0,0.0,0.0,0.0,0.0,0.0,0.0,0.0,0.0,0.0,0.0,0.0,0.0,0.0,0.0,0.0,0.0,0.0,0.0,0.0
40.88628318522591,42.74008911252806,46.489576724912176,47.5427074145659,53.58799480693831,62.1966047604616,74.75125092550583,99.5313893522588,69.8023662095393,15.920307826782082,0.2797837122457112,0.0,0.0,0.0,0.0,0.0,0.0,0.0,0.0,0.0,0.0,0.0,0.0,0.0,0.0,0.0,0.0,0.0,0.0,0.0,0.0,0.0,0.0
41.359291587455,43.32852289945232,46.67748942314981,48.90494087207228,54.912360441433925,64.66506966138523,78.60021603779259,100.0,58.109532956299766,10.651120673317102,0.0,0.0,0.0,0.0,0.0,0.0,0.0,0.0,0.0,0.0,0.0,0.0,0.0,0.0,0.0,0.0,0.0,0.0,0.0,0.0,0.0,0.0,0.0
41.799649298928585,43.86573978643914,47.22012752245471,49.950127797822,56.7398456480282,67.83445662978211,85.63303315231884,97.16934934894788,47.91183586635157,5.172326494233145,0.0,0.0,0.0,0.0,0.0,0.0,0.0,0.0,0.0,0.0,0.0,0.0,0.0,0.0,0.0,0.0,0.0,0.0,0.0,0.0,0.0,0.0,0.0
42.955460930974574,44.320119221411176,48.38937088716897,50.92996232969456,58.15360460604755,70.5267332411236,91.04027317146252,95.2794505084927,31.87489671346228,2.0063658133673696,0.0,0.0,0.0,0.0,0.0,0.0,0.0,0.0,0.0,0.0,0.0,0.0,0.0,0.0,0.0,0.0,0.0,0.0,0.0,0.0,0.0,0.0,0.0
43.20193092384233,44.65413869662402,49.11600712276264,51.29314135033812,60.31598274196014,73.76089661178776,96.1289240716594,88.67967484335672,20.55672643806597,0.4559397702511019,0.0,0.0,0.0,0.0,0.0,0.0,0.0,0.0,0.0,0.0,0.0,0.0,0.0,0.0,0.0,0.0,0.0,0.0,0.0,0.0,0.0,0.0,0.0
42.98698090559065,45.32322491430352,50.07840096290117,52.59355568314468,62.7340705974446,77.62953426767712,98.9496515250276,76.76960185189851,11.99813626017476,0.1939138838412994,0.0,0.0,0.0,0.0,0.0,0.0,0.0,0.0,0.0,0.0,0.0,0.0,0.0,0.0,0.0,0.0,0.0,0.0,0.0,0.0,0.0,0.0,0.0
43.77034360038368,46.03638971228045,51.087534236191416,53.87524222831731,64.60758901728026,81.66341302838478,100.0,58.74964464504973,6.157376448981395,0.105400376058998,0.0,0.0,0.0,0.0,0.0,0.0,0.0,0.0,0.0,0.0,0.0,0.0,0.0,0.0,0.0,0.0,0.0,0.0,0.0,0.0,0.0,0.0,0.0
43.85543603987885,46.69074157739642,51.94272540757912,54.8234470755119,67.34519595864157,87.22502717280511,99.17522205851948,43.27461349079324,3.4494041010031364,0.0,0.0,0.0,0.0,0.0,0.0,0.0,0.0,0.0,0.0,0.0,0.0,0.0,0.0,0.0,0.0,0.0,0.0,0.0,0.0,0.0,0.0,0.0,0.0
44.44268445243183,47.82113064646196,52.94641396519844,56.64138225643842,71.10043299573827,92.35034531573083,89.16294908311211,28.92813003252939,1.4796977715987174,0.0,0.0,0.0,0.0,0.0,0.0,0.0,0.0,0.0,0.0,0.0,0.0,0.0,0.0,0.0,0.0,0.0,0.0,0.0,0.0,0.0,0.0,0.0,0.0
45.062765272382464,48.39530657901887,54.77985698146039,58.68112736504376,75.20124783505297,97.6889418940668,81.68075657230541,19.84376615620196,0.3559251702511475,0.0,0.0,0.0,0.0,0.0,0.0,0.0,0.0,0.0,0.0,0.0,0.0,0.0,0.0,0.0,0.0,0.0,0.0,0.0,0.0,0.0,0.0,0.0,0.0
45.74496315504721,49.2553613335259,56.15378774155283,61.00977687913502,78.16030552649157,100.0,66.59715174245517,11.23007390178189,0.4392282090944689,0.0,0.0,0.0,0.0,0.0,0.0,0.0,0.0,0.0,0.0,0.0,0.0,0.0,0.0,0.0,0.0,0.0,0.0,0.0,0.0,0.0,0.0,0.0,0.0
46.67088656522338,50.6641957338765,57.42678110205328,63.293006711350216,83.62907624392707,98.2849960346017,46.94277671027496,5.218081815343211,0.2101340828139776,0.0,0.0,0.0,0.0,0.0,0.0,0.0,0.0,0.0,0.0,0.0,0.0,0.0,0.0,0.0,0.0,0.0,0.0,0.0,0.0,0.0,0.0,0.0,0.0
47.46409762278574,51.67590380317085,58.33609034823401,66.61874816628541,89.08351611299085,96.2238161728365,33.904404681834485,2.73322450621818,0.1214922505265853,0.0,0.0,0.0,0.0,0.0,0.0,0.0,0.0,0.0,0.0,0.0,0.0,0.0,0.0,0.0,0.0,0.0,0.0,0.0,0.0,0.0,0.0,0.0,0.0
48.11438393737172,52.64657350563573,60.4266341843658,70.19708051773024,94.8773457940904,85.34364937353378,23.29108247540529,1.0769861363509363,0.0,0.0,0.0,0.0,0.0,0.0,0.0,0.0,0.0,0.0,0.0,0.0,0.0,0.0,0.0,0.0,0.0,0.0,0.0,0.0,0.0,0.0,0.0,0.0,0.0
49.15522624217006,53.71133352450733,63.90452468812381,73.16397490284098,99.07454913840256,73.48958087085022,13.220507678677048,0.5364712163895791,0.0,0.0,0.0,0.0,0.0,0.0,0.0,0.0,0.0,0.0,0.0,0.0,0.0,0.0,0.0,0.0,0.0,0.0,0.0,0.0,0.0,0.0,0.0,0.0,0.0
50.09429521113173,54.76294412934892,65.10529473587509,78.19027954606942,100.0,61.67172951874448,6.166633455868701,0.1681655047112889,0.0,0.0,0.0,0.0,0.0,0.0,0.0,0.0,0.0,0.0,0.0,0.0,0.0,0.0,0.0,0.0,0.0,0.0,0.0,0.0,0.0,0.0,0.0,0.0,0.0
51.13454358860376,56.56537050832683,66.17640543518795,83.11351690958483,99.52144827417506,44.94031427802219,4.243769214242215,0.0,0.0,0.0,0.0,0.0,0.0,0.0,0.0,0.0,0.0,0.0,0.0,0.0,0.0,0.0,0.0,0.0,0.0,0.0,0.0,0.0,0.0,0.0,0.0,0.0,0.0
51.59714541978717,58.27765794535425,70.26248232819736,90.16722600848551,91.6766134517458,29.95880288228261,2.048022640879673,0.0,0.0,0.0,0.0,0.0,0.0,0.0,0.0,0.0,0.0,0.0,0.0,0.0,0.0,0.0,0.0,0.0,0.0,0.0,0.0,0.0,0.0,0.0,0.0,0.0,0.0
53.04872699339984,60.31331604850882,73.60288874687006,92.60168037226109,83.54079374805,21.005462056200056,0.7201484321227091,0.0,0.0,0.0,0.0,0.0,0.0,0.0,0.0,0.0,0.0,0.0,0.0,0.0,0.0,0.0,0.0,0.0,0.0,0.0,0.0,0.0,0.0,0.0,0.0,0.0,0.0
54.290849863585976,62.20213659108372,78.09700122966727,97.56775394002194,65.87740458960516,10.995103658403158,0.3150505112260566,0.0,0.0,0.0,0.0,0.0,0.0,0.0,0.0,0.0,0.0,0.0,0.0,0.0,0.0,0.0,0.0,0.0,0.0,0.0,0.0,0.0,0.0,0.0,0.0,0.0,0.0
56.00816818498281,64.31738042731357,83.99676939404972,100.0,52.21640692351567,5.971725057732007,0.0,0.0,0.0,0.0,0.0,0.0,0.0,0.0,0.0,0.0,0.0,0.0,0.0,0.0,0.0,0.0,0.0,0.0,0.0,0.0,0.0,0.0,0.0,0.0,0.0,0.0,0.0
56.86014075289564,67.27925677217542,88.01271863538268,97.02527509313722,40.1224789893984,3.287316280801403,0.0,0.0,0.0,0.0,0.0,0.0,0.0,0.0,0.0,0.0,0.0,0.0,0.0,0.0,0.0,0.0,0.0,0.0,0.0,0.0,0.0,0.0,0.0,0.0,0.0,0.0,0.0
58.97748599758445,70.06715606780253,93.67741878811032,89.94118902071781,25.21991165591151,0.8716856169387606,0.0,0.0,0.0,0.0,0.0,0.0,0.0,0.0,0.0,0.0,0.0,0.0,0.0,0.0,0.0,0.0,0.0,0.0,0.0,0.0,0.0,0.0,0.0,0.0,0.0,0.0,0.0
60.33270612417257,74.75717041718727,97.3497898992501,76.44114612315107,16.086344197237448,0.4743873455298302,0.0,0.0,0.0,0.0,0.0,0.0,0.0,0.0,0.0,0.0,0.0,0.0,0.0,0.0,0.0,0.0,0.0,0.0,0.0,0.0,0.0,0.0,0.0,0.0,0.0,0.0,0.0
62.796072948533904,79.05711829161112,99.7533582252355,64.56361648270301,9.980449035160094,0.1121669254881402,0.0,0.0,0.0,0.0,0.0,0.0,0.0,0.0,0.0,0.0,0.0,0.0,0.0,0.0,0.0,0.0,0.0,0.0,0.0,0.0,0.0,0.0,0.0,0.0,0.0,0.0,0.0
65.90464548670847,83.31325159957147,100.0,46.10515454107347,4.379363204538735,0.0,0.0,0.0,0.0,0.0,0.0,0.0,0.0,0.0,0.0,0.0,0.0,0.0,0.0,0.0,0.0,0.0,0.0,0.0,0.0,0.0,0.0,0.0,0.0,0.0,0.0,0.0,0.0
68.51764328333076,89.58831248505264,95.60645198417764,30.46907479824078,1.736033092543158,0.0,0.0,0.0,0.0,0.0,0.0,0.0,0.0,0.0,0.0,0.0,0.0,0.0,0.0,0.0,0.0,0.0,0.0,0.0,0.0,0.0,0.0,0.0,0.0,0.0,0.0,0.0,0.0
72.34111282060992,95.39282268994664,85.81233646801861,19.5961773350394,1.1448921266442544,0.0,0.0,0.0,0.0,0.0,0.0,0.0,0.0,0.0,0.0,0.0,0.0,0.0,0.0,0.0,0.0,0.0,0.0,0.0,0.0,0.0,0.0,0.0,0.0,0.0,0.0,0.0,0.0
77.39861683276327,100.0,76.04180809152024,12.294319786869188,0.4699959405381083,0.0,0.0,0.0,0.0,0.0,0.0,0.0,0.0,0.0,0.0,0.0,0.0,0.0,0.0,0.0,0.0,0.0,0.0,0.0,0.0,0.0,0.0,0.0,0.0,0.0,0.0,0.0,0.0
82.15017440051122,98.95952571396607,60.88496529946632,6.564607994718015,0.1319561350143124,0.0,0.0,0.0,0.0,0.0,0.0,0.0,0.0,0.0,0.0,0.0,0.0,0.0,0.0,0.0,0.0,0.0,0.0,0.0,0.0,0.0,0.0,0.0,0.0,0.0,0.0,0.0,0.0
87.14565505421369,97.0359465318038,43.33651794422372,2.425434266448655,0.0806982710889789,0.0,0.0,0.0,0.0,0.0,0.0,0.0,0.0,0.0,0.0,0.0,0.0,0.0,0.0,0.0,0.0,0.0,0.0,0.0,0.0,0.0,0.0,0.0,0.0,0.0,0.0,0.0,0.0
91.32721914437892,90.1087065803717,28.53597005624393,0.98114701480928,0.1091180666697239,0.0,0.0,0.0,0.0,0.0,0.0,0.0,0.0,0.0,0.0,0.0,0.0,0.0,0.0,0.0,0.0,0.0,0.0,0.0,0.0,0.0,0.0,0.0,0.0,0.0,0.0,0.0,0.0
97.4082980807528,77.5275181038725,19.86906543896417,0.7094813377406416,0.1309152452580702,0.0,0.0,0.0,0.0,0.0,0.0,0.0,0.0,0.0,0.0,0.0,0.0,0.0,0.0,0.0,0.0,0.0,0.0,0.0,0.0,0.0,0.0,0.0,0.0,0.0,0.0,0.0,0.0
100.0,64.21698563103509,9.986965517078936,0.2824152221272098,0.0,0.0,0.0,0.0,0.0,0.0,0.0,0.0,0.0,0.0,0.0,0.0,0.0,0.0,0.0,0.0,0.0,0.0,0.0,0.0,0.0,0.0,0.0,0.0,0.0,0.0,0.0,0.0,0.0
99.64425990162836,49.576175669723774,6.134558547766623,0.0,0.0,0.0,0.0,0.0,0.0,0.0,0.0,0.0,0.0,0.0,0.0,0.0,0.0,0.0,0.0,0.0,0.0,0.0,0.0,0.0,0.0,0.0,0.0,0.0,0.0,0.0,0.0,0.0,0.0
93.30504781400066,38.46191829257028,2.890385774897424,0.0,0.0,0.0,0.0,0.0,0.0,0.0,0.0,0.0,0.0,0.0,0.0,0.0,0.0,0.0,0.0,0.0,0.0,0.0,0.0,0.0,0.0,0.0,0.0,0.0,0.0,0.0,0.0,0.0,0.0
86.34562878188416,25.335213277087828,1.0660601586958196,0.0,0.0,0.0,0.0,0.0,0.0,0.0,0.0,0.0,0.0,0.0,0.0,0.0,0.0,0.0,0.0,0.0,0.0,0.0,0.0,0.0,0.0,0.0,0.0,0.0,0.0,0.0,0.0,0.0,0.0
75.00151438924289,15.677534131420432,0.7285895266548961,0.0,0.0,0.0,0.0,0.0,0.0,0.0,0.0,0.0,0.0,0.0,0.0,0.0,0.0,0.0,0.0,0.0,0.0,0.0,0.0,0.0,0.0,0.0,0.0,0.0,0.0,0.0,0.0,0.0,0.0
59.12237300738703,8.891865835409563,0.090556485945314,0.0,0.0,0.0,0.0,0.0,0.0,0.0,0.0,0.0,0.0,0.0,0.0,0.0,0.0,0.0,0.0,0.0,0.0,0.0,0.0,0.0,0.0,0.0,0.0,0.0,0.0,0.0,0.0,0.0,0.0
43.09930208653249,5.286980984690034,0.1449113983941747,0.0,0.0,0.0,0.0,0.0,0.0,0.0,0.0,0.0,0.0,0.0,0.0,0.0,0.0,0.0,0.0,0.0,0.0,0.0,0.0,0.0,0.0,0.0,0.0,0.0,0.0,0.0,0.0,0.0,0.0
31.71089682890267,2.0043956759172183,0.0572569070623565,0.0,0.0,0.0,0.0,0.0,0.0,0.0,0.0,0.0,0.0,0.0,0.0,0.0,0.0,0.0,0.0,0.0,0.0,0.0,0.0,0.0,0.0,0.0,0.0,0.0,0.0,0.0,0.0,0.0,0.0
19.610083985594123,1.0023941781472343,0.0,0.0,0.0,0.0,0.0,0.0,0.0,0.0,0.0,0.0,0.0,0.0,0.0,0.0,0.0,0.0,0.0,0.0,0.0,0.0,0.0,0.0,0.0,0.0,0.0,0.0,0.0,0.0,0.0,0.0,0.0
13.305645053026565,0.462922423095824,0.0,0.0,0.0,0.0,0.0,0.0,0.0,0.0,0.0,0.0,0.0,0.0,0.0,0.0,0.0,0.0,0.0,0.0,0.0,0.0,0.0,0.0,0.0,0.0,0.0,0.0,0.0,0.0,0.0,0.0,0.0
7.450812372264555,0.0,0.0,0.0,0.0,0.0,0.0,0.0,0.0,0.0,0.0,0.0,0.0,0.0,0.0,0.0,0.0,0.0,0.0,0.0,0.0,0.0,0.0,0.0,0.0,0.0,0.0,0.0,0.0,0.0,0.0,0.0,0.0
3.0580793882327804,0.0,0.0,0.0,0.0,0.0,0.0,0.0,0.0,0.0,0.0,0.0,0.0,0.0,0.0,0.0,0.0,0.0,0.0,0.0,0.0,0.0,0.0,0.0,0.0,0.0,0.0,0.0,0.0,0.0,0.0,0.0,0.0
1.6409367084567532,0.0,0.0,0.0,0.0,0.0,0.0,0.0,0.0,0.0,0.0,0.0,0.0,0.0,0.0,0.0,0.0,0.0,0.0,0.0,0.0,0.0,0.0,0.0,0.0,0.0,0.0,0.0,0.0,0.0,0.0,0.0,0.0
0.4518549711475471,0.0,0.0,0.0,0.0,0.0,0.0,0.0,0.0,0.0,0.0,0.0,0.0,0.0,0.0,0.0,0.0,0.0,0.0,0.0,0.0,0.0,0.0,0.0,0.0,0.0,0.0,0.0,0.0,0.0,0.0,0.0,0.0
0.1356237870794489,0.0,0.0,0.0,0.0,0.0,0.0,0.0,0.0,0.0,0.0,0.0,0.0,0.0,0.0,0.0,0.0,0.0,0.0,0.0,0.0,0.0,0.0,0.0,0.0,0.0,0.0,0.0,0.0,0.0,0.0,0.0,0.0
0.128706024037636,0.0,0.0,0.0,0.0,0.0,0.0,0.0,0.0,0.0,0.0,0.0,0.0,0.0,0.0,0.0,0.0,0.0,0.0,0.0,0.0,0.0,0.0,0.0,0.0,0.0,0.0,0.0,0.0,0.0,0.0,0.0,0.0
0.063089069526026,0.0,0.0,0.0,0.0,0.0,0.0,0.0,0.0,0.0,0.0,0.0,0.0,0.0,0.0,0.0,0.0,0.0,0.0,0.0,0.0,0.0,0.0,0.0,0.0,0.0,0.0,0.0,0.0,0.0,0.0,0.0,0.0
0.0,0.0,0.0,0.0,0.0,0.0,0.0,0.0,0.0,0.0,0.0,0.0,0.0,0.0,0.0,0.0,0.0,0.0,0.0,0.0,0.0,0.0,0.0,0.0,0.0,0.0,0.0,0.0,0.0,0.0,0.0,0.0,0.0
